Image,Brand,Name,Price,URL
https://thumbnail7.coupangcdn.com/thumbnails/remote/230x230ex/image/retail/images/9025411721674794-e1d8b144-b1ff-4df5-9fd7-cafba8ec655f.png,본트리,베리 에센스 선블럭 SPF50+ PA++++ 50ml 2개,15000,https://www.coupang.com//vp/products/4583248357?itemId=5620780687&vendorItemId=4498803481&q=%EC%8D%AC%ED%81%AC%EB%A6%BC&itemsCount=36&searchId=33d146724c244de685ca8b8300db3237&rank=1
https://thumbnail7.coupangcdn.com/thumbnails/remote/230x230ex/image/retail/images/4583290751164806-872ed467-d261-408d-8269-6a6f5e189e66.jpg,헤라,선 메이트 데일리 선블록 SPF35 PA+++ 70ml 1개,18600,https://www.coupang.com//vp/products/7232964619?itemId=3089969015&vendorItemId=70531086974&pickType=COU_PICK&q=%EC%8D%AC%ED%81%AC%EB%A6%BC&itemsCount=36&searchId=33d146724c244de685ca8b8300db3237&rank=2
https://thumbnail8.coupangcdn.com/thumbnails/remote/230x230ex/image/retail/images/8044217797826954-64922d96-61b7-4fc5-9f83-9d32b3e75239.jpg,이니스프리,톤업 노세범 선스크린 SPF50+ PA++++ 50ml 1개,10440,https://www.coupang.com//vp/products/6308000802?itemId=13077916435&vendorItemId=80339552883&q=%EC%8D%AC%ED%81%AC%EB%A6%BC&itemsCount=36&searchId=33d146724c244de685ca8b8300db3237&rank=3
https://thumbnail6.coupangcdn.com/thumbnails/remote/230x230ex/image/retail/images/1053631093804718-e1c4555b-d56e-4350-b0d4-bacd28f7bc7d.jpg,AHC,더블쉴드 선스틱 SPF50+ PA++++ 14g x 3p + 선크림 50ml 세트 1세트,29800,https://www.coupang.com//vp/products/1550885333?itemId=2653722704&vendorItemId=70644483758&q=%EC%8D%AC%ED%81%AC%EB%A6%BC&itemsCount=36&searchId=33d146724c244de685ca8b8300db3237&rank=6
https://thumbnail6.coupangcdn.com/thumbnails/remote/230x230ex/image/retail/images/5282432059184983-0c065452-821b-4f91-b7a7-9f4d039910a6.JPG,닥터문,프리미엄 대용량 알로에베라 선크림 SPF50+ PA+++ 500ml 1개,12400,https://www.coupang.com//vp/products/6236837639?itemId=12565178307&vendorItemId=79833389298&q=%EC%8D%AC%ED%81%AC%EB%A6%BC&itemsCount=36&searchId=33d146724c244de685ca8b8300db3237&rank=7
https://thumbnail9.coupangcdn.com/thumbnails/remote/230x230ex/image/retail/images/305696652978866-fef857ed-8608-48ce-be31-16dad0aabfa7.jpg,일리윤,저자극 이지워시 선크림 SPF50+ PA++++ 150ml 1개,17250,https://www.coupang.com//vp/products/5231217226?itemId=7366240361&vendorItemId=74657411155&q=%EC%8D%AC%ED%81%AC%EB%A6%BC&itemsCount=36&searchId=33d146724c244de685ca8b8300db3237&rank=9
https://thumbnail7.coupangcdn.com/thumbnails/remote/230x230ex/image/retail/images/2981719768777714-c0660b14-f9e6-4c30-93a2-ddd1aec9568c.jpg,그린핑거,야외놀이 선크림 파워블록 SPF50+ PA++++ 1개 80ml,8600,https://www.coupang.com//vp/products/5334701300?itemId=7797212062&vendorItemId=75087355472&q=%EC%8D%AC%ED%81%AC%EB%A6%BC&itemsCount=36&searchId=33d146724c244de685ca8b8300db3237&rank=12
https://thumbnail9.coupangcdn.com/thumbnails/remote/230x230ex/image/retail/images/3643095263445291-a7511299-6565-4fec-a16d-6751e24beab6.png,닥터지,그린 마일드 업 선 플러스 SPF50+ PA++++ 35ml x 2p 2개,21500,https://www.coupang.com//vp/products/1514766006?itemId=2600030732&vendorItemId=80265071820&q=%EC%8D%AC%ED%81%AC%EB%A6%BC&itemsCount=36&searchId=33d146724c244de685ca8b8300db3237&rank=13
https://thumbnail9.coupangcdn.com/thumbnails/remote/230x230ex/image/retail/images/9284222472201189-db33129f-a346-4954-921b-ac7b33dbeaa5.jpg,아이오페,UV쉴드 선 프로텍터 XP SPF50+ PA++++ 60ml 1개,16170,https://www.coupang.com//vp/products/7217026798?itemId=18278997754&vendorItemId=70285905898&q=%EC%8D%AC%ED%81%AC%EB%A6%BC&itemsCount=36&searchId=33d146724c244de685ca8b8300db3237&rank=14
https://thumbnail8.coupangcdn.com/thumbnails/remote/230x230ex/image/retail/images/2023/01/24/9/0/c0f3cb67-27d6-4b4a-bf3a-0110fae03475.jpg,에스쁘아,워터 스플래쉬 세라마이드 선크림 SPF50+ PA++++ 60ml 1개,12890,https://www.coupang.com//vp/products/7086181945?itemId=17646024182&vendorItemId=84811642454&q=%EC%8D%AC%ED%81%AC%EB%A6%BC&itemsCount=36&searchId=33d146724c244de685ca8b8300db3237&rank=15
https://thumbnail9.coupangcdn.com/thumbnails/remote/230x230ex/image/retail/images/200538996830630-fa3ad3cd-e354-4f61-a3e7-1db4009b9ac1.jpg,토니모리,더 촉촉 그린티 수분 선크림 SPF50+ PA+++ 50ml 2개,12790,https://www.coupang.com//vp/products/5774176841?itemId=9820108377&vendorItemId=77103637248&q=%EC%8D%AC%ED%81%AC%EB%A6%BC&itemsCount=36&searchId=33d146724c244de685ca8b8300db3237&rank=16
https://thumbnail6.coupangcdn.com/thumbnails/remote/230x230ex/image/rs_quotation_api/hngpngap/bccacafc60744d509a1e7a00eb0eb3f0.jpg,미샤,올 어라운드 세이프 블록 아쿠아선크림 SPF50+ PA++++ 1개 50ml,6800,https://www.coupang.com//vp/products/6472999417?itemId=14136744552&vendorItemId=81383485507&q=%EC%8D%AC%ED%81%AC%EB%A6%BC&itemsCount=36&searchId=33d146724c244de685ca8b8300db3237&rank=17
https://thumbnail10.coupangcdn.com/thumbnails/remote/230x230ex/image/vendor_inventory/16b2/a714c74d87608ecf89d0a85c055b8841582040a64331116298fc169b6b18.jpg,터치미,퍼펙트 썬크림 선크림 자외선차단제 60ml 4개,16700,https://www.coupang.com//vp/products/1343544169?itemId=2371029328&vendorItemId=70154345013&q=%EC%8D%AC%ED%81%AC%EB%A6%BC&itemsCount=36&searchId=33d146724c244de685ca8b8300db3237&rank=18
https://thumbnail10.coupangcdn.com/thumbnails/remote/230x230ex/image/vendor_inventory/ccdf/5b3266addf2477a65746f35c2cd42b06b70040aaab111c355750454b258d.jpg,라운드랩,자작나무 수분 선 크림 50ml 1+1 (SPF 50+ PA++++) 2개,28700,https://www.coupang.com//vp/products/2032659567?itemId=8380651938&vendorItemId=85270704875&q=%EC%8D%AC%ED%81%AC%EB%A6%BC&itemsCount=36&searchId=33d146724c244de685ca8b8300db3237&rank=19
https://thumbnail8.coupangcdn.com/thumbnails/remote/230x230ex/image/retail/images/4440532827926417-c33cd6dd-fce7-491b-96cf-3cf7147dd163.jpg,본트리,베리 에센스 선블럭 SPF50+ PA++++ 50ml 1개,7500,https://www.coupang.com//vp/products/4583248357?itemId=5620934963&vendorItemId=3000382598&q=%EC%8D%AC%ED%81%AC%EB%A6%BC&itemsCount=36&searchId=33d146724c244de685ca8b8300db3237&rank=22
https://thumbnail10.coupangcdn.com/thumbnails/remote/230x230ex/image/retail/images/56738142660613-4487b59c-4645-44e4-bc6c-e7fcd72cf985.jpg,궁중비책,프레시 선스틱 SPF50+ PA++++ 19g 1개,13200,https://www.coupang.com//vp/products/1795782436?itemId=3055084552&vendorItemId=71043085144&q=%EC%8D%AC%ED%81%AC%EB%A6%BC&itemsCount=36&searchId=33d146724c244de685ca8b8300db3237&rank=24
https://thumbnail9.coupangcdn.com/thumbnails/remote/230x230ex/image/retail/images/1740587874460043-a9b2d46b-f755-4301-b0d6-06cbe4e4379e.jpg,셀퓨전씨,레이저 썬스크린 100 SPF50+ PA+++ 45ml 1개,12880,https://www.coupang.com//vp/products/4818995888?itemId=11157419439&vendorItemId=78435698430&q=%EC%8D%AC%ED%81%AC%EB%A6%BC&itemsCount=36&searchId=33d146724c244de685ca8b8300db3237&rank=25
https://thumbnail6.coupangcdn.com/thumbnails/remote/230x230ex/image/retail/images/58066817987847-8df618e2-5456-4b5e-9ac4-3fc91c8afaec.jpg,궁중비책,워터풀 선로션 SPF50+ PA++++ 80g 1개,11900,https://www.coupang.com//vp/products/2304452290?itemId=3972008691&vendorItemId=71956362722&q=%EC%8D%AC%ED%81%AC%EB%A6%BC&itemsCount=36&searchId=33d146724c244de685ca8b8300db3237&rank=26
https://thumbnail8.coupangcdn.com/thumbnails/remote/230x230ex/image/retail/images/1216047850933861-508d9969-ea91-486d-a54d-e63f7d4f69f8.jpg,그린핑거,촉촉 선팩트 SPF50+ PA++++ 16g + 리필 16g 1세트,18390,https://www.coupang.com//vp/products/5334701237?itemId=7797211745&vendorItemId=75087355009&q=%EC%8D%AC%ED%81%AC%EB%A6%BC&itemsCount=36&searchId=33d146724c244de685ca8b8300db3237&rank=27
https://thumbnail6.coupangcdn.com/thumbnails/remote/230x230ex/image/retail/images/119186997557188-fa85bded-0230-4df9-9411-a374107ab9d8.jpg,닥터아토,쿨링 선스프레이 SPF50 PA+++ 150ml 1개,8060,https://www.coupang.com//vp/products/78603900?itemId=253619250&vendorItemId=75195084841&q=%EC%8D%AC%ED%81%AC%EB%A6%BC&itemsCount=36&searchId=33d146724c244de685ca8b8300db3237&rank=28
https://thumbnail8.coupangcdn.com/thumbnails/remote/230x230ex/image/vendor_inventory/1494/ca5c60885a4f7d467e3ece06f0e9afd1f3353fbb68d0dbb0e453cea21d3b.jpg,헤라,선 메이트 레포츠 선크림 SPF50+ PA++++ 70ml 1개,22400,https://www.coupang.com//vp/products/11745907?itemId=50484195&vendorItemId=71833951384&q=%EC%8D%AC%ED%81%AC%EB%A6%BC&itemsCount=36&searchId=33d146724c244de685ca8b8300db3237&rank=29
https://thumbnail6.coupangcdn.com/thumbnails/remote/230x230ex/image/retail/images/172064137236121-086c3939-4521-4bee-b6a9-8a7473cb4422.jpg,아요델,내추럴 알로에베라 선크림 SPF50+ PA+++ 500ml 1개,14160,https://www.coupang.com//vp/products/1675342644?itemId=2854298082&vendorItemId=70843609310&q=%EC%8D%AC%ED%81%AC%EB%A6%BC&itemsCount=36&searchId=33d146724c244de685ca8b8300db3237&rank=30
https://thumbnail6.coupangcdn.com/thumbnails/remote/230x230ex/image/vendor_inventory/13d1/caff354d807e313c7615db28d76a2e2bbf80de40d36baed7f4b557d38b68.jpg,A.H.C,내추럴 퍼펙션 모이스트 선 크림 SPF50+ PA++++ 50ml 2개,20000,https://www.coupang.com//vp/products/90787989?itemId=11125359613&vendorItemId=85362938487&q=%EC%8D%AC%ED%81%AC%EB%A6%BC&itemsCount=36&searchId=33d146724c244de685ca8b8300db3237&rank=31
https://thumbnail6.coupangcdn.com/thumbnails/remote/230x230ex/image/vendor_inventory/f15d/0ca96a46512a4ff21d01c44842c7dba56a391e28d8322fadb69afa0eeb91.jpg,라운드랩,자작나무 무기자차 선크림 50ml 1+1 기획 1세트,30300,https://www.coupang.com//vp/products/6614779206?itemId=15014686986&vendorItemId=86158187025&q=%EC%8D%AC%ED%81%AC%EB%A6%BC&itemsCount=36&searchId=33d146724c244de685ca8b8300db3237&rank=32
https://thumbnail6.coupangcdn.com/thumbnails/remote/230x230ex/image/rs_quotation_api/ywvri5hk/8641e3bfcfa54c77bc82168932586304.jpg,홀리카홀리카,알로에 워터프루프 선크림 SPF 50+ PA++++ 70ml 1개,7850,https://www.coupang.com//vp/products/6427738297?itemId=11091457471&vendorItemId=78370846441&q=%EC%8D%AC%ED%81%AC%EB%A6%BC&itemsCount=36&searchId=33d146724c244de685ca8b8300db3237&rank=33
https://thumbnail7.coupangcdn.com/thumbnails/remote/230x230ex/image/retail/images/3505701135470048-4db13dad-645a-47da-9777-8d5a0989f982.jpg,어퓨,퓨어 블록 아쿠아 선젤 이엑스 SPF50+ PA+++ 50ml 1개,4520,https://www.coupang.com//vp/products/89773584?itemId=280060013&vendorItemId=3683860446&q=%EC%8D%AC%ED%81%AC%EB%A6%BC&itemsCount=36&searchId=33d146724c244de685ca8b8300db3237&rank=34
https://thumbnail6.coupangcdn.com/thumbnails/remote/230x230ex/image/rs_quotation_api/aaqxxtt9/deed2cf9ab94417bbcefea3dcf243f98.jpg,편강율,키즈 앤 베이비 모이스처 선크림 SPF50+ PA++++ 1개 150ml,15900,https://www.coupang.com//vp/products/7212739502?itemId=18257421907&vendorItemId=85404004808&q=%EC%8D%AC%ED%81%AC%EB%A6%BC&itemsCount=36&searchId=33d146724c244de685ca8b8300db3237&rank=35
